symbol,timestamp,open,high,low,close,volume
AAPL,2023-01-02,150.0,151.19,149.03,151.19,24041677
AAPL,2023-01-03,151.19,154.72,149.66,154.72,73726532
AAPL,2023-01-04,154.72,155.56,153.71,153.71,37381801
AAPL,2023-01-05,153.71,157.73,152.25,152.71,36210622
AAPL,2023-01-06,152.71,153.19,150.47,150.47,51046298
AAPL,2023-01-09,150.47,151.42,147.36,147.36,56281099
AAPL,2023-01-10,147.36,147.52,145.66,146.23,15854643
AAPL,2023-01-11,146.23,147.12,144.84,147.12,18790490
AAPL,2023-01-12,147.12,149.85,145.87,145.87,13094966
AAPL,2023-01-13,145.87,146.2,143.63,143.63,69627005
AAPL,2023-01-16,143.63,146.44,141.72,144.15,97262616
AAPL,2023-01-17,144.15,144.65,142.88,144.65,92968681
AAPL,2023-01-18,144.65,145.08,142.51,144.47,84586375
AAPL,2023-01-19,144.47,146.42,142.98,142.98,58842647
AAPL,2023-01-20,142.98,143.75,142.01,143.75,10496990
AAPL,2023-01-23,143.75,145.14,142.47,145.14,75610645
AAPL,2023-01-24,145.14,145.59,143.38,143.38,39780822
AAPL,2023-01-25,143.38,145.55,142.8,145.55,39266498
AAPL,2023-01-26,145.55,147.53,145.45,147.4,20763482
AAPL,2023-01-27,147.4,149.69,146.23,149.69,60514947
AAPL,2023-01-30,149.69,152.04,145.77,149.69,12287721
AAPL,2023-01-31,149.69,151.81,148.13,151.61,55771362
AAPL,2023-02-01,151.61,152.15,149.37,151.19,30591834
AAPL,2023-02-02,151.19,151.51,150.09,150.09,24509915
AAPL,2023-02-03,150.09,152.22,149.29,152.22,90330309
AAPL,2023-02-06,152.22,154.31,151.95,153.47,90648216
AAPL,2023-02-07,153.47,153.97,151.93,151.93,83621328
AAPL,2023-02-08,151.93,155.96,148.67,148.67,29989702
AAPL,2023-02-09,148.67,149.86,147.98,147.98,56691155
AAPL,2023-02-10,147.98,149.38,145.9,148.95,97460387
AAPL,2023-02-13,148.95,148.99,144.74,144.74,14633087
AAPL,2023-02-14,144.74,150.16,144.36,150.16,31560570
AAPL,2023-02-15,150.16,151.91,148.44,150.16,31387378
AAPL,2023-02-16,150.16,151.92,148.08,151.92,66907524
AAPL,2023-02-17,151.92,155.25,150.42,153.34,13669762
AAPL,2023-02-20,153.34,155.95,152.0,152.11,11492904
AAPL,2023-02-21,152.11,152.22,148.65,148.65,72184396
AAPL,2023-02-22,148.65,149.78,148.41,149.78,22376884
AAPL,2023-02-23,149.78,150.26,148.1,148.1,83549998
AAPL,2023-02-24,148.1,150.12,144.34,145.44,31766706
AAPL,2023-02-27,145.44,146.57,143.64,146.08,75336011
AAPL,2023-02-28,146.08,146.98,143.25,143.25,17572596
AAPL,2023-03-01,143.25,144.28,140.58,143.96,68676513
AAPL,2023-03-02,143.96,145.05,142.58,145.05,31352417
AAPL,2023-03-03,145.05,147.64,143.65,147.64,69185160
AAPL,2023-03-06,147.64,148.93,147.43,148.63,43094422
AAPL,2023-03-07,148.63,149.85,146.72,146.72,90284189
AAPL,2023-03-08,146.72,148.5,145.93,147.55,55237338
AAPL,2023-03-09,147.55,151.56,146.62,147.04,35269512
AAPL,2023-03-10,147.04,147.1,145.22,145.22,25939961
AAPL,2023-03-13,145.22,146.26,144.53,144.8,96725797
AAPL,2023-03-14,144.8,145.46,143.68,144.72,44658795
AAPL,2023-03-15,144.72,145.96,143.82,143.82,94253929
AAPL,2023-03-16,143.82,144.73,141.21,141.21,18745884
AAPL,2023-03-17,141.21,142.82,140.7,141.4,72731416
AAPL,2023-03-20,141.4,142.76,139.45,142.66,36423265
AAPL,2023-03-21,142.66,143.83,141.93,143.83,81846566
AAPL,2023-03-22,143.83,152.22,142.41,152.22,81621340
AAPL,2023-03-23,152.22,153.37,151.04,151.57,62045212
AAPL,2023-03-24,151.57,151.63,150.76,151.11,58838017
AAPL,2023-03-27,151.11,153.55,150.4,152.74,21435446
AAPL,2023-03-28,152.74,155.31,152.55,155.31,29423892
AAPL,2023-03-29,155.31,155.65,153.69,153.69,58657160
AAPL,2023-03-30,153.69,155.79,152.27,152.27,97826687
AAPL,2023-03-31,152.27,152.55,147.72,147.72,49507427
AAPL,2023-04-03,147.72,149.68,145.26,149.68,25596488
AAPL,2023-04-04,149.68,150.66,147.04,148.69,69417763
AAPL,2023-04-05,148.69,149.66,146.23,149.66,65054867
AAPL,2023-04-06,149.66,150.39,146.33,146.33,11295413
AAPL,2023-04-07,146.33,146.68,143.59,144.85,18805074
AAPL,2023-04-10,144.85,146.33,137.88,137.88,45865426
AAPL,2023-04-11,137.88,140.01,135.37,135.37,14077360
AAPL,2023-04-12,135.37,138.36,133.79,138.36,69282426
AAPL,2023-04-13,138.36,138.64,138.28,138.45,62719802
AAPL,2023-04-14,138.45,139.37,136.26,138.76,51242760
AAPL,2023-04-17,138.76,139.71,136.25,136.25,44749237
AAPL,2023-04-18,136.25,137.1,135.97,136.89,86038777
AAPL,2023-04-19,136.89,137.74,135.95,135.95,72706344
AAPL,2023-04-20,135.95,137.85,134.84,137.85,35383111
AAPL,2023-04-21,137.85,139.22,136.87,139.22,82615126
AAPL,2023-04-24,139.22,139.38,137.44,139.25,40672318
AAPL,2023-04-25,139.25,141.41,138.08,138.08,77908858
AAPL,2023-04-26,138.08,140.85,137.14,140.85,45028151
AAPL,2023-04-27,140.85,141.24,139.99,140.27,95505577
AAPL,2023-04-28,140.27,141.1,139.12,140.54,36388969
AAPL,2023-05-01,140.54,145.02,138.86,145.02,77713707
AAPL,2023-05-02,145.02,146.45,145.01,146.45,15180288
AAPL,2023-05-03,146.45,149.52,143.86,144.56,89893376
AAPL,2023-05-04,144.56,145.02,142.84,142.84,65639625
AAPL,2023-05-05,142.84,143.46,141.7,141.7,83967405
AAPL,2023-05-08,141.7,142.03,139.65,140.77,83151961
AAPL,2023-05-09,140.77,141.71,137.87,137.87,17515064
AAPL,2023-05-10,137.87,139.9,136.69,138.58,20007773
AAPL,2023-05-11,138.58,139.0,138.32,138.32,52179457
AAPL,2023-05-12,138.32,139.46,137.6,139.06,96595529
AAPL,2023-05-15,139.06,142.32,137.88,142.32,88173921
AAPL,2023-05-16,142.32,142.87,142.19,142.87,97237228
AAPL,2023-05-17,142.87,146.13,141.29,141.29,72617382
AAPL,2023-05-18,141.29,145.92,140.06,145.92,14090174
AAPL,2023-05-19,145.92,146.4,144.5,146.4,65811933
AAPL,2023-05-22,146.4,147.28,143.29,144.63,62529050
AAPL,2023-05-23,144.63,147.39,143.56,143.56,83241551
AAPL,2023-05-24,143.56,144.26,141.66,141.7,93945563
AAPL,2023-05-25,141.7,145.66,141.3,145.66,82949799
AAPL,2023-05-26,145.66,147.63,141.99,141.99,47333755
AAPL,2023-05-29,141.99,144.7,141.91,144.7,87825013
AAPL,2023-05-30,144.7,144.78,144.05,144.78,50548972
AAPL,2023-05-31,144.78,146.76,144.0,146.21,70453061
AAPL,2023-06-01,146.21,148.07,142.91,142.91,56827693
AAPL,2023-06-02,142.91,143.08,140.7,141.38,86696335
AAPL,2023-06-05,141.38,145.82,141.03,145.82,22061370
AAPL,2023-06-06,145.82,148.02,144.54,148.02,29166774
AAPL,2023-06-07,148.02,150.62,146.27,150.44,91374282
AAPL,2023-06-08,150.44,150.74,145.92,145.92,80528771
AAPL,2023-06-09,145.92,149.55,143.43,149.55,51322218
AAPL,2023-06-12,149.55,149.56,148.95,149.5,39587644
AAPL,2023-06-13,149.5,150.51,146.65,146.65,26369207
AAPL,2023-06-14,146.65,147.75,144.66,144.66,52656547
AAPL,2023-06-15,144.66,145.39,142.59,142.59,25930943
AAPL,2023-06-16,142.59,144.64,140.97,140.97,42784287
AAPL,2023-06-19,140.97,145.19,139.98,145.19,88622076
AAPL,2023-06-20,145.19,146.43,144.29,145.73,77343372
AAPL,2023-06-21,145.73,146.57,144.65,144.65,65642929
AAPL,2023-06-22,144.65,145.55,139.72,139.72,77272384
AAPL,2023-06-23,139.72,141.0,135.42,141.0,19645481
AAPL,2023-06-26,141.0,143.44,137.54,143.44,31822345
AAPL,2023-06-27,143.44,145.48,141.88,141.88,20778591
AAPL,2023-06-28,141.88,142.19,139.65,139.65,71119208
AAPL,2023-06-29,139.65,141.72,139.55,139.71,62815700
AAPL,2023-06-30,139.71,140.32,137.5,137.97,21482227
AAPL,2023-07-03,137.97,139.88,136.23,136.23,42048705
AAPL,2023-07-04,136.23,140.2,136.05,140.2,31350411
AAPL,2023-07-05,140.2,140.88,138.9,138.9,25603623
AAPL,2023-07-06,138.9,142.38,137.17,137.17,98414075
AAPL,2023-07-07,137.17,138.41,136.38,136.75,25379882
AAPL,2023-07-10,136.75,138.36,136.46,138.36,60108660
AAPL,2023-07-11,138.36,139.12,134.97,134.97,39131131
AAPL,2023-07-12,134.97,136.19,131.27,136.19,31816875
AAPL,2023-07-13,136.19,137.42,135.32,136.79,23892644
AAPL,2023-07-14,136.79,140.6,133.45,133.45,14664118
AAPL,2023-07-17,133.45,133.96,131.79,131.79,32917658
AAPL,2023-07-18,131.79,133.25,130.72,130.72,63607486
AAPL,2023-07-19,130.72,131.76,125.94,125.94,84755746
AAPL,2023-07-20,125.94,126.15,125.62,125.62,26310975
AAPL,2023-07-21,125.62,125.84,124.15,125.84,22579513
AAPL,2023-07-24,125.84,126.59,125.1,126.39,24729034
AAPL,2023-07-25,126.39,127.2,126.02,127.2,42294743
AAPL,2023-07-26,127.2,131.22,125.99,131.22,83493949
AAPL,2023-07-27,131.22,132.54,127.27,127.27,77284844
AAPL,2023-07-28,127.27,129.29,126.67,126.67,90961711
AAPL,2023-07-31,126.67,129.47,126.37,128.31,20520823
AAPL,2023-08-01,128.31,129.85,127.58,129.85,40141505
AAPL,2023-08-02,129.85,130.58,129.03,130.58,90450332
AAPL,2023-08-03,130.58,135.09,130.05,135.09,38054986
AAPL,2023-08-04,135.09,136.84,134.99,136.84,78621281
AAPL,2023-08-07,136.84,137.32,135.71,135.93,83913157
AAPL,2023-08-08,135.93,137.26,135.33,135.45,30632625
AAPL,2023-08-09,135.45,136.75,134.13,136.28,67703286
AAPL,2023-08-10,136.28,138.84,135.23,137.19,26343794
AAPL,2023-08-11,137.19,137.43,134.7,134.7,46076627
AAPL,2023-08-14,134.7,136.09,134.32,136.09,55529981
AAPL,2023-08-15,136.09,136.37,133.86,133.86,88491151
AAPL,2023-08-16,133.86,134.83,133.22,134.15,73651477
AAPL,2023-08-17,134.15,134.67,132.62,134.67,64604354
AAPL,2023-08-18,134.67,137.95,133.33,137.95,98635707
AAPL,2023-08-21,137.95,141.45,137.23,137.76,45910243
AAPL,2023-08-22,137.76,138.35,136.37,137.5,58365604
AAPL,2023-08-23,137.5,137.82,134.16,134.16,41225788
AAPL,2023-08-24,134.16,136.4,133.55,133.55,22677131
AAPL,2023-08-25,133.55,133.56,130.61,130.61,47703290
AAPL,2023-08-28,130.61,131.51,128.19,130.22,11178501
AAPL,2023-08-29,130.22,132.48,129.55,132.48,96496328
AAPL,2023-08-30,132.48,133.95,129.07,132.02,16036882
AAPL,2023-08-31,132.02,133.05,131.13,132.2,90824886
AAPL,2023-09-01,132.2,132.92,131.13,131.13,60835701
AAPL,2023-09-04,131.13,132.95,127.64,130.12,49668647
AAPL,2023-09-05,130.12,132.82,129.68,132.62,87560705
AAPL,2023-09-06,132.62,132.82,131.92,131.95,34367020
AAPL,2023-09-07,131.95,134.26,129.82,129.82,12438639
AAPL,2023-09-08,129.82,132.36,128.87,132.36,70470346
AAPL,2023-09-11,132.36,133.01,130.74,131.38,18949725
AAPL,2023-09-12,131.38,132.85,130.15,132.85,87012682
AAPL,2023-09-13,132.85,134.39,131.42,132.2,36383295
AAPL,2023-09-14,132.2,134.41,129.87,133.49,90340453
AAPL,2023-09-15,133.49,134.89,132.51,132.51,63126544
AAPL,2023-09-18,132.51,133.51,129.77,129.77,46847048
AAPL,2023-09-19,129.77,131.98,125.79,125.79,78724521
AAPL,2023-09-20,125.79,127.01,125.67,125.67,81986973
AAPL,2023-09-21,125.67,125.74,125.04,125.04,67013039
AAPL,2023-09-22,125.04,125.82,121.9,121.9,85143721
AAPL,2023-09-25,121.9,122.32,121.24,121.99,11655160
AAPL,2023-09-26,121.99,123.98,120.63,120.63,59876020
AAPL,2023-09-27,120.63,122.55,120.32,122.55,64046517
AAPL,2023-09-28,122.55,124.42,121.93,124.42,92297075
AAPL,2023-09-29,124.42,126.01,121.05,121.05,24965503
AAPL,2023-10-02,121.05,121.47,120.81,121.16,64283689
AAPL,2023-10-03,121.16,122.86,120.04,120.11,74714131
AAPL,2023-10-04,120.11,120.79,117.73,117.73,52844536
AAPL,2023-10-05,117.73,118.66,116.72,118.66,12806482
AAPL,2023-10-06,118.66,119.97,116.86,119.97,14628323
AAPL,2023-10-09,119.97,124.63,118.59,124.63,19593842
AAPL,2023-10-10,124.63,124.86,123.38,123.38,54594218
AAPL,2023-10-11,123.38,125.62,122.28,122.28,81947429
AAPL,2023-10-12,122.28,123.61,121.15,121.31,63120760
AAPL,2023-10-13,121.31,121.61,120.05,120.05,26661963
AAPL,2023-10-16,120.05,121.33,119.91,121.23,75900239
AAPL,2023-10-17,121.23,122.54,120.22,122.3,32470120
AAPL,2023-10-18,122.3,124.17,122.23,123.21,98890120
AAPL,2023-10-19,123.21,124.06,122.87,124.06,92393946
AAPL,2023-10-20,124.06,124.62,121.75,121.75,97395242
AAPL,2023-10-23,121.75,122.58,121.72,121.74,38719042
AAPL,2023-10-24,121.74,123.45,121.13,121.85,20851019
AAPL,2023-10-25,121.85,122.44,120.32,122.32,15882070
AAPL,2023-10-26,122.32,122.83,119.96,120.74,81165084
AAPL,2023-10-27,120.74,122.67,120.42,122.67,30966352
AAPL,2023-10-30,122.67,124.37,122.61,124.37,81890491
AAPL,2023-10-31,124.37,126.12,121.51,123.47,88630940
AAPL,2023-11-01,123.47,125.54,121.29,122.86,76382407
AAPL,2023-11-02,122.86,123.2,121.2,122.14,36667730
AAPL,2023-11-03,122.14,124.5,120.52,120.52,71168255
AAPL,2023-11-06,120.52,122.36,120.46,122.36,65207025
AAPL,2023-11-07,122.36,123.79,120.38,123.66,56141965
AAPL,2023-11-08,123.66,124.32,122.54,122.54,80162602
AAPL,2023-11-09,122.54,123.15,121.58,121.58,97219236
AAPL,2023-11-10,121.58,124.23,120.57,124.23,83424981
AAPL,2023-11-13,124.23,125.17,123.36,125.17,58327698
AAPL,2023-11-14,125.17,128.14,124.4,128.14,89987327
AAPL,2023-11-15,128.14,128.84,126.75,127.46,59577163
AAPL,2023-11-16,127.46,128.48,125.7,127.18,75107810
AAPL,2023-11-17,127.18,128.25,125.85,125.85,29816488
AAPL,2023-11-20,125.85,126.13,124.94,124.94,53252791
AAPL,2023-11-21,124.94,127.23,124.51,127.23,41302828
AAPL,2023-11-22,127.23,129.58,126.48,128.59,81768341
AAPL,2023-11-23,128.59,129.79,127.96,127.96,88056478
AAPL,2023-11-24,127.96,129.6,126.6,129.6,65675024
AAPL,2023-11-27,129.6,131.94,128.98,131.94,89278368
AAPL,2023-11-28,131.94,132.13,130.35,131.68,24468390
AAPL,2023-11-29,131.68,132.23,130.13,130.13,55672096
AAPL,2023-11-30,130.13,130.57,128.36,130.57,67060513
AAPL,2023-12-01,130.57,132.52,130.29,132.09,19628257
AAPL,2023-12-04,132.09,134.18,131.97,132.65,66935970
AAPL,2023-12-05,132.65,133.27,132.11,133.27,16105335
AAPL,2023-12-06,133.27,135.49,133.1,135.49,41129475
AAPL,2023-12-07,135.49,136.14,134.13,134.13,88438312
AAPL,2023-12-08,134.13,134.64,132.03,133.08,71496583
AAPL,2023-12-11,133.08,135.34,132.53,133.01,99741205
AAPL,2023-12-12,133.01,135.93,130.19,130.19,72431400
AAPL,2023-12-13,130.19,131.65,128.48,129.27,34593357
AAPL,2023-12-14,129.27,130.6,126.89,130.6,45783495
AAPL,2023-12-15,130.6,131.77,128.57,128.57,30695914
AAPL,2023-12-18,128.57,130.42,126.22,126.22,97137408
AAPL,2023-12-19,126.22,128.4,125.93,128.4,79893716
AAPL,2023-12-20,128.4,129.56,127.57,129.56,21812038
AAPL,2023-12-21,129.56,132.21,128.92,132.21,53337011
AAPL,2023-12-22,132.21,134.59,130.93,130.93,15778804
AAPL,2023-12-25,130.93,133.01,128.19,128.19,81780319
AAPL,2023-12-26,128.19,130.61,127.39,127.39,64001849
AAPL,2023-12-27,127.39,128.7,122.82,122.82,87411015
AAPL,2023-12-28,122.82,122.88,121.1,121.1,65634016
AAPL,2023-12-29,121.1,121.74,118.95,119.06,10879376
GOOGL,2023-01-02,100.0,102.04,99.75,100.36,12988279
GOOGL,2023-01-03,100.36,100.54,99.39,99.39,21944417
GOOGL,2023-01-04,99.39,102.12,98.82,102.12,25073432
GOOGL,2023-01-05,102.12,103.04,101.3,103.04,73582815
GOOGL,2023-01-06,103.04,103.71,102.32,103.19,74267823
GOOGL,2023-01-09,103.19,103.85,102.06,103.85,83334260
GOOGL,2023-01-10,103.85,105.95,101.69,105.95,57376239
GOOGL,2023-01-11,105.95,106.34,104.91,104.91,15431687
GOOGL,2023-01-12,104.91,105.42,103.94,103.94,97827873
GOOGL,2023-01-13,103.94,105.01,103.39,104.65,81072865
GOOGL,2023-01-16,104.65,106.89,102.84,104.66,30560926
GOOGL,2023-01-17,104.66,105.85,104.07,105.4,71220541
GOOGL,2023-01-18,105.4,107.16,104.98,105.05,76843586
GOOGL,2023-01-19,105.05,107.01,104.1,106.12,43393488
GOOGL,2023-01-20,106.12,107.23,104.33,106.53,53800204
GOOGL,2023-01-23,106.53,108.27,105.85,105.85,63311529
GOOGL,2023-01-24,105.85,108.25,105.19,108.25,74424246
GOOGL,2023-01-25,108.25,108.94,107.93,108.94,54305007
GOOGL,2023-01-26,108.94,109.89,108.1,109.89,42331003
GOOGL,2023-01-27,109.89,111.16,105.25,105.25,45197338
GOOGL,2023-01-30,105.25,106.47,103.26,103.26,97283894
GOOGL,2023-01-31,103.26,104.86,102.97,103.84,16614707
GOOGL,2023-02-01,103.84,105.18,102.81,104.02,48779877
GOOGL,2023-02-02,104.02,104.69,102.57,103.3,73609949
GOOGL,2023-02-03,103.3,103.66,102.81,102.81,85975340
GOOGL,2023-02-06,102.81,106.06,101.47,106.06,88144415
GOOGL,2023-02-07,106.06,106.27,105.7,105.7,57805257
GOOGL,2023-02-08,105.7,105.84,104.61,105.7,94048751
GOOGL,2023-02-09,105.7,107.81,104.73,105.87,50926587
GOOGL,2023-02-10,105.87,108.1,102.76,106.48,70017783
GOOGL,2023-02-13,106.48,108.3,105.83,108.3,97292084
GOOGL,2023-02-14,108.3,108.6,106.64,106.64,49937519
GOOGL,2023-02-15,106.64,106.88,105.72,106.39,95015279
GOOGL,2023-02-16,106.39,107.24,104.26,107.24,65606251
GOOGL,2023-02-17,107.24,108.36,106.05,107.61,29410763
GOOGL,2023-02-20,107.61,109.58,105.86,109.58,68610967
GOOGL,2023-02-21,109.58,110.41,109.51,110.14,88367810
GOOGL,2023-02-22,110.14,110.73,108.56,110.73,76460428
GOOGL,2023-02-23,110.73,111.8,109.42,110.38,82706134
GOOGL,2023-02-24,110.38,111.18,108.41,108.41,49202498
GOOGL,2023-02-27,108.41,108.54,108.22,108.22,39212724
GOOGL,2023-02-28,108.22,109.6,106.44,108.3,72592048
GOOGL,2023-03-01,108.3,110.63,106.74,106.74,30454266
GOOGL,2023-03-02,106.74,106.92,104.67,104.67,70139151
GOOGL,2023-03-03,104.67,107.03,103.65,103.65,56717360
GOOGL,2023-03-06,103.65,104.12,103.19,103.19,40712304
GOOGL,2023-03-07,103.19,104.89,101.09,101.09,64711458
GOOGL,2023-03-08,101.09,104.84,100.51,104.84,74631076
GOOGL,2023-03-09,104.84,106.09,104.74,106.09,15424065
GOOGL,2023-03-10,106.09,106.29,105.5,106.04,19127874
GOOGL,2023-03-13,106.04,106.15,103.4,103.4,82272330
GOOGL,2023-03-14,103.4,105.38,101.74,101.74,64930040
GOOGL,2023-03-15,101.74,102.7,100.28,100.28,26303441
GOOGL,2023-03-16,100.28,101.26,99.73,100.0,57264704
GOOGL,2023-03-17,100.0,100.32,98.4,99.14,96663418
GOOGL,2023-03-20,99.14,100.53,99.07,99.85,59520388
GOOGL,2023-03-21,99.85,100.28,99.73,100.09,83726997
GOOGL,2023-03-22,100.09,100.95,99.69,100.95,29084035
GOOGL,2023-03-23,100.95,102.72,98.88,98.88,80247296
GOOGL,2023-03-24,98.88,99.67,97.9,97.9,48136442
GOOGL,2023-03-27,97.9,98.17,96.96,96.96,62794761
GOOGL,2023-03-28,96.96,100.13,96.25,100.13,87651736
GOOGL,2023-03-29,100.13,100.26,99.9,99.9,64638463
GOOGL,2023-03-30,99.9,101.44,99.63,99.73,45181539
GOOGL,2023-03-31,99.73,102.3,98.93,99.65,48537965
GOOGL,2023-04-03,99.65,102.15,98.55,102.15,99213039
GOOGL,2023-04-04,102.15,103.81,101.76,103.07,17709242
GOOGL,2023-04-05,103.07,104.21,102.34,102.81,41949667
GOOGL,2023-04-06,102.81,103.6,102.57,102.91,89207117
GOOGL,2023-04-07,102.91,103.39,100.56,100.56,39190037
GOOGL,2023-04-10,100.56,102.46,98.88,102.46,51868505
GOOGL,2023-04-11,102.46,103.16,101.77,103.16,96186275
GOOGL,2023-04-12,103.16,104.11,102.98,104.04,18700880
GOOGL,2023-04-13,104.04,105.69,101.89,101.89,41281437
GOOGL,2023-04-14,101.89,103.61,100.78,103.61,99323515
GOOGL,2023-04-17,103.61,103.68,102.8,103.17,85782996
GOOGL,2023-04-18,103.17,106.81,102.97,106.81,21494213
GOOGL,2023-04-19,106.81,107.35,106.19,106.37,73787022
GOOGL,2023-04-20,106.37,107.78,104.41,105.17,45728336
GOOGL,2023-04-21,105.17,107.43,103.98,106.02,56411148
GOOGL,2023-04-24,106.02,106.91,105.93,106.06,44256096
GOOGL,2023-04-25,106.06,106.67,105.43,105.96,37421122
GOOGL,2023-04-26,105.96,106.76,105.39,105.73,41148975
GOOGL,2023-04-27,105.73,105.79,104.36,104.36,84023250
GOOGL,2023-04-28,104.36,105.22,102.91,104.38,25735476
GOOGL,2023-05-01,104.38,107.01,104.31,105.3,23173659
GOOGL,2023-05-02,105.3,105.5,104.39,104.39,96923994
GOOGL,2023-05-03,104.39,106.27,103.72,105.27,55552767
GOOGL,2023-05-04,105.27,105.42,103.84,103.84,65762915
GOOGL,2023-05-05,103.84,104.85,103.41,104.83,15521466
GOOGL,2023-05-08,104.83,106.39,104.55,104.55,98531103
GOOGL,2023-05-09,104.55,105.13,104.07,104.07,20924644
GOOGL,2023-05-10,104.07,104.38,103.16,103.16,55847991
GOOGL,2023-05-11,103.16,104.75,102.22,103.48,66150625
GOOGL,2023-05-12,103.48,104.45,99.57,99.57,43098341
GOOGL,2023-05-15,99.57,100.77,99.25,99.28,76025294
GOOGL,2023-05-16,99.28,101.85,98.47,98.47,58177911
GOOGL,2023-05-17,98.47,99.45,98.44,99.1,59316354
GOOGL,2023-05-18,99.1,100.93,99.07,100.93,23504379
GOOGL,2023-05-19,100.93,102.11,99.57,99.57,52841631
GOOGL,2023-05-22,99.57,101.17,97.57,97.57,90287622
GOOGL,2023-05-23,97.57,98.68,96.47,97.31,49384281
GOOGL,2023-05-24,97.31,98.35,95.21,98.35,69341852
GOOGL,2023-05-25,98.35,98.62,97.5,97.5,65254022
GOOGL,2023-05-26,97.5,98.24,97.05,97.6,56099972
GOOGL,2023-05-29,97.6,97.82,96.65,96.65,17631281
GOOGL,2023-05-30,96.65,96.83,95.35,96.17,41473290
GOOGL,2023-05-31,96.17,96.83,94.82,94.82,26667601
GOOGL,2023-06-01,94.82,96.55,93.88,96.55,66219721
GOOGL,2023-06-02,96.55,97.76,95.51,95.51,20924777
GOOGL,2023-06-05,95.51,97.46,95.07,97.46,13775610
GOOGL,2023-06-06,97.46,100.67,95.7,100.67,77326586
GOOGL,2023-06-07,100.67,101.75,100.3,101.53,93527527
GOOGL,2023-06-08,101.53,102.14,100.23,100.31,48886919
GOOGL,2023-06-09,100.31,103.45,100.08,103.45,89823241
GOOGL,2023-06-12,103.45,104.84,102.5,103.07,83435224
GOOGL,2023-06-13,103.07,103.36,102.82,102.86,85779869
GOOGL,2023-06-14,102.86,105.4,102.11,105.4,69054565
GOOGL,2023-06-15,105.4,106.76,104.97,105.74,83600679
GOOGL,2023-06-16,105.74,105.77,104.16,104.75,85663272
GOOGL,2023-06-19,104.75,106.54,104.5,105.29,36779360
GOOGL,2023-06-20,105.29,109.45,104.64,109.45,88599062
GOOGL,2023-06-21,109.45,111.63,109.3,111.63,10839845
GOOGL,2023-06-22,111.63,112.55,109.63,109.63,99262895
GOOGL,2023-06-23,109.63,110.56,109.0,109.34,59957645
GOOGL,2023-06-26,109.34,110.36,107.76,110.36,26922226
GOOGL,2023-06-27,110.36,112.4,110.22,112.4,78489168
GOOGL,2023-06-28,112.4,114.03,111.16,112.48,23399924
GOOGL,2023-06-29,112.48,113.76,110.54,113.76,89757620
GOOGL,2023-06-30,113.76,115.69,112.1,113.13,47135965
GOOGL,2023-07-03,113.13,114.56,110.6,110.6,67809297
GOOGL,2023-07-04,110.6,114.9,109.84,114.9,60533612
GOOGL,2023-07-05,114.9,118.51,113.72,118.51,34283864
GOOGL,2023-07-06,118.51,119.62,116.95,119.62,16935245
GOOGL,2023-07-07,119.62,120.16,118.79,119.37,80975346
GOOGL,2023-07-10,119.37,122.69,118.42,121.15,23270727
GOOGL,2023-07-11,121.15,123.41,119.9,119.9,63840276
GOOGL,2023-07-12,119.9,120.13,119.21,119.74,47912324
GOOGL,2023-07-13,119.74,122.0,119.47,122.0,85582205
GOOGL,2023-07-14,122.0,123.46,119.63,120.3,62899242
GOOGL,2023-07-17,120.3,121.65,119.48,119.48,36885301
GOOGL,2023-07-18,119.48,120.71,116.37,116.37,85774021
GOOGL,2023-07-19,116.37,117.33,115.01,117.33,22013197
GOOGL,2023-07-20,117.33,117.57,112.33,112.33,54681503
GOOGL,2023-07-21,112.33,115.18,111.65,115.18,64920263
GOOGL,2023-07-24,115.18,116.05,114.52,116.05,69125964
GOOGL,2023-07-25,116.05,116.29,115.03,115.94,91562912
GOOGL,2023-07-26,115.94,116.91,114.56,114.56,78345843
GOOGL,2023-07-27,114.56,117.18,114.53,117.18,13025224
GOOGL,2023-07-28,117.18,117.3,115.85,115.92,46998604
GOOGL,2023-07-31,115.92,117.26,115.85,117.26,94314021
GOOGL,2023-08-01,117.26,118.23,116.55,118.23,33414201
GOOGL,2023-08-02,118.23,119.71,117.88,119.7,51753923
GOOGL,2023-08-03,119.7,119.79,117.32,117.32,41455573
GOOGL,2023-08-04,117.32,118.27,116.09,116.09,57105182
GOOGL,2023-08-07,116.09,118.14,115.91,118.14,73705158
GOOGL,2023-08-08,118.14,118.25,116.74,116.74,24919708
GOOGL,2023-08-09,116.74,117.26,111.68,111.68,47058898
GOOGL,2023-08-10,111.68,113.98,111.66,112.77,82576325
GOOGL,2023-08-11,112.77,113.5,111.6,111.6,80765037
GOOGL,2023-08-14,111.6,112.49,110.57,110.57,78107635
GOOGL,2023-08-15,110.57,112.17,109.05,109.05,89004707
GOOGL,2023-08-16,109.05,110.75,108.08,108.62,58483161
GOOGL,2023-08-17,108.62,109.68,108.55,108.55,69110209
GOOGL,2023-08-18,108.55,109.8,107.91,107.91,35842416
GOOGL,2023-08-21,107.91,108.3,105.64,105.64,67112417
GOOGL,2023-08-22,105.64,106.99,104.98,104.98,24215934
GOOGL,2023-08-23,104.98,106.38,104.29,106.38,38508550
GOOGL,2023-08-24,106.38,106.81,105.36,105.9,49629107
GOOGL,2023-08-25,105.9,106.67,105.68,106.62,89417473
GOOGL,2023-08-28,106.62,108.13,106.54,106.71,98569928
GOOGL,2023-08-29,106.71,107.94,105.18,107.49,24935940
GOOGL,2023-08-30,107.49,108.55,106.21,107.24,74741826
GOOGL,2023-08-31,107.24,111.46,106.6,111.46,87235934
GOOGL,2023-09-01,111.46,112.93,110.34,111.8,52405110
GOOGL,2023-09-04,111.8,113.77,110.34,113.77,42201843
GOOGL,2023-09-05,113.77,116.04,112.63,116.04,74081261
GOOGL,2023-09-06,116.04,116.69,115.22,115.22,41314727
GOOGL,2023-09-07,115.22,118.07,113.81,118.07,41713745
GOOGL,2023-09-08,118.07,120.82,116.62,120.82,98119444
GOOGL,2023-09-11,120.82,121.21,119.24,119.24,71769447
GOOGL,2023-09-12,119.24,121.43,118.62,121.43,85333701
GOOGL,2023-09-13,121.43,123.07,121.27,123.07,37477960
GOOGL,2023-09-14,123.07,126.71,121.45,126.71,94447433
GOOGL,2023-09-15,126.71,127.44,125.91,127.44,33425817
GOOGL,2023-09-18,127.44,129.63,126.62,129.63,60439656
GOOGL,2023-09-19,129.63,130.89,128.19,129.44,59198339
GOOGL,2023-09-20,129.44,129.76,129.27,129.27,19964853
GOOGL,2023-09-21,129.27,129.38,128.29,128.29,35203359
GOOGL,2023-09-22,128.29,128.85,127.33,128.72,91969314
GOOGL,2023-09-25,128.72,130.22,127.52,130.22,84645519
GOOGL,2023-09-26,130.22,132.4,129.71,132.4,20132235
GOOGL,2023-09-27,132.4,134.84,132.11,133.2,11116363
GOOGL,2023-09-28,133.2,135.71,132.57,132.57,63852173
GOOGL,2023-09-29,132.57,133.98,130.54,130.54,90307224
GOOGL,2023-10-02,130.54,133.95,129.69,133.95,13120324
GOOGL,2023-10-03,133.95,135.51,132.71,134.16,18447155
GOOGL,2023-10-04,134.16,134.71,133.3,134.71,84635811
GOOGL,2023-10-05,134.71,136.05,131.07,135.16,38525192
GOOGL,2023-10-06,135.16,137.15,134.68,136.6,64173108
GOOGL,2023-10-09,136.6,137.9,134.4,136.39,63252744
GOOGL,2023-10-10,136.39,139.14,135.32,139.14,56112739
GOOGL,2023-10-11,139.14,140.32,136.12,138.7,95547794
GOOGL,2023-10-12,138.7,140.75,137.85,138.4,55563945
GOOGL,2023-10-13,138.4,138.67,137.18,137.18,52524401
GOOGL,2023-10-16,137.18,137.48,134.34,134.53,27648794
GOOGL,2023-10-17,134.53,135.55,131.56,131.56,10495521
GOOGL,2023-10-18,131.56,132.99,128.75,128.75,61484377
GOOGL,2023-10-19,128.75,128.9,125.2,125.2,17838349
GOOGL,2023-10-20,125.2,126.52,124.86,126.52,41070082
GOOGL,2023-10-23,126.52,128.62,124.11,128.62,99353515
GOOGL,2023-10-24,128.62,129.14,127.78,128.57,45511846
GOOGL,2023-10-25,128.57,130.61,125.16,125.16,64711469
GOOGL,2023-10-26,125.16,126.31,124.48,126.18,95955446
GOOGL,2023-10-27,126.18,126.36,124.14,125.32,20303887
GOOGL,2023-10-30,125.32,127.07,122.56,127.07,43214771
GOOGL,2023-10-31,127.07,128.33,126.73,126.73,17216201
GOOGL,2023-11-01,126.73,127.38,126.52,126.94,70171538
GOOGL,2023-11-02,126.94,128.73,124.93,124.93,67248644
GOOGL,2023-11-03,124.93,125.19,123.98,125.03,88632873
GOOGL,2023-11-06,125.03,125.48,123.6,123.94,11053594
GOOGL,2023-11-07,123.94,126.05,123.14,124.21,53740044
GOOGL,2023-11-08,124.21,124.32,123.25,123.25,40885061
GOOGL,2023-11-09,123.25,124.3,121.41,121.41,86104392
GOOGL,2023-11-10,121.41,123.56,119.96,120.29,37568214
GOOGL,2023-11-13,120.29,122.01,118.57,122.01,81854230
GOOGL,2023-11-14,122.01,122.6,121.85,122.6,38698013
GOOGL,2023-11-15,122.6,124.85,121.16,124.15,64096675
GOOGL,2023-11-16,124.15,126.14,122.8,126.14,48747640
GOOGL,2023-11-17,126.14,127.35,125.42,125.42,12290298
GOOGL,2023-11-20,125.42,127.95,124.72,127.95,46866600
GOOGL,2023-11-21,127.95,129.37,126.44,127.61,64520132
GOOGL,2023-11-22,127.61,128.37,125.31,125.31,71944681
GOOGL,2023-11-23,125.31,125.9,123.88,125.9,12478304
GOOGL,2023-11-24,125.9,127.0,125.35,127.0,12786021
GOOGL,2023-11-27,127.0,128.39,126.54,126.85,12101688
GOOGL,2023-11-28,126.85,128.88,126.14,126.42,20452506
GOOGL,2023-11-29,126.42,126.54,125.93,125.93,89956330
GOOGL,2023-11-30,125.93,128.21,125.79,128.21,44696071
GOOGL,2023-12-01,128.21,129.13,125.59,129.13,23873053
GOOGL,2023-12-04,129.13,132.55,128.31,132.55,49639721
GOOGL,2023-12-05,132.55,133.96,131.39,133.61,27516145
GOOGL,2023-12-06,133.61,134.24,130.97,133.34,62242084
GOOGL,2023-12-07,133.34,134.91,131.86,134.91,66361088
GOOGL,2023-12-08,134.91,135.29,129.85,129.85,65859443
GOOGL,2023-12-11,129.85,133.73,128.2,133.73,13551357
GOOGL,2023-12-12,133.73,139.1,133.39,139.1,58004796
GOOGL,2023-12-13,139.1,140.15,138.71,140.15,81478959
GOOGL,2023-12-14,140.15,141.53,139.62,141.53,53506669
GOOGL,2023-12-15,141.53,141.89,140.05,141.53,43779691
GOOGL,2023-12-18,141.53,142.46,139.68,139.68,56014791
GOOGL,2023-12-19,139.68,143.48,139.31,142.63,87901943
GOOGL,2023-12-20,142.63,143.04,141.89,142.59,61617605
GOOGL,2023-12-21,142.59,144.25,142.29,144.04,90378118
GOOGL,2023-12-22,144.04,148.27,143.09,145.39,11720448
GOOGL,2023-12-25,145.39,148.24,145.04,145.89,75043626
GOOGL,2023-12-26,145.89,146.48,144.27,144.27,82399348
GOOGL,2023-12-27,144.27,145.56,141.36,141.36,96170321
GOOGL,2023-12-28,141.36,143.45,140.33,143.45,76642851
GOOGL,2023-12-29,143.45,144.63,142.6,144.63,79203050
MSFT,2023-01-02,250.0,254.58,249.12,254.58,17974424
MSFT,2023-01-03,254.58,258.8,254.52,258.8,46678872
MSFT,2023-01-04,258.8,259.17,256.31,256.31,82741168
MSFT,2023-01-05,256.31,256.38,254.75,255.25,36960911
MSFT,2023-01-06,255.25,257.34,253.57,255.38,14520341
MSFT,2023-01-09,255.38,259.1,253.57,259.1,36576144
MSFT,2023-01-10,259.1,261.54,256.24,256.24,38934613
MSFT,2023-01-11,256.24,260.19,255.62,255.62,67642843
MSFT,2023-01-12,255.62,256.33,252.15,255.98,21062861
MSFT,2023-01-13,255.98,256.0,251.08,251.08,50441476
MSFT,2023-01-16,251.08,257.99,250.56,257.99,31773851
MSFT,2023-01-17,257.99,260.17,256.22,256.22,82356265
MSFT,2023-01-18,256.22,263.29,255.21,260.42,34426844
MSFT,2023-01-19,260.42,265.2,258.56,258.56,22044552
MSFT,2023-01-20,258.56,258.96,256.44,256.66,10012122
MSFT,2023-01-23,256.66,261.1,256.62,261.1,34855260
MSFT,2023-01-24,261.1,261.51,258.95,259.95,38464313
MSFT,2023-01-25,259.95,260.66,256.7,256.7,34335395
MSFT,2023-01-26,256.7,258.94,254.99,254.99,49043567
MSFT,2023-01-27,254.99,255.86,253.07,255.86,96767057
MSFT,2023-01-30,255.86,257.35,249.62,257.01,66944069
MSFT,2023-01-31,257.01,258.35,254.91,256.62,69974687
MSFT,2023-02-01,256.62,257.13,255.03,257.09,80364147
MSFT,2023-02-02,257.09,258.21,256.0,256.0,42404541
MSFT,2023-02-03,256.0,257.54,252.3,256.13,28799445
MSFT,2023-02-06,256.13,259.73,247.43,247.43,14711951
MSFT,2023-02-07,247.43,251.03,245.88,245.88,29079464
MSFT,2023-02-08,245.88,247.11,240.7,247.11,89214106
MSFT,2023-02-09,247.11,249.76,243.27,249.72,22294081
MSFT,2023-02-10,249.72,252.9,247.69,252.9,38406460
MSFT,2023-02-13,252.9,257.06,248.52,248.52,90119350
MSFT,2023-02-14,248.52,251.02,245.01,251.02,15228275
MSFT,2023-02-15,251.02,253.54,249.16,251.3,11322404
MSFT,2023-02-16,251.3,255.14,248.45,249.49,11739486
MSFT,2023-02-17,249.49,251.97,243.1,248.76,57784391
MSFT,2023-02-20,248.76,248.95,248.17,248.17,51768564
MSFT,2023-02-21,248.17,249.53,245.24,248.38,79659224
MSFT,2023-02-22,248.38,252.66,244.54,252.66,97841244
MSFT,2023-02-23,252.66,255.33,251.76,255.33,11579712
MSFT,2023-02-24,255.33,257.84,253.26,253.26,56616447
MSFT,2023-02-27,253.26,256.98,248.68,248.68,86235474
MSFT,2023-02-28,248.68,250.35,247.0,249.0,51219618
MSFT,2023-03-01,249.0,251.06,243.14,243.14,77269996
MSFT,2023-03-02,243.14,244.83,237.27,237.27,96201082
MSFT,2023-03-03,237.27,237.82,234.28,237.46,27624977
MSFT,2023-03-06,237.46,238.27,235.1,235.39,80318967
MSFT,2023-03-07,235.39,235.97,231.58,231.58,44934913
MSFT,2023-03-08,231.58,235.66,229.62,235.66,41067298
MSFT,2023-03-09,235.66,236.76,233.33,234.95,73694921
MSFT,2023-03-10,234.95,237.51,234.58,234.8,96214070
MSFT,2023-03-13,234.8,235.23,229.25,229.25,16861529
MSFT,2023-03-14,229.25,231.18,227.84,229.39,51369838
MSFT,2023-03-15,229.39,232.91,221.9,221.9,14498112
MSFT,2023-03-16,221.9,222.89,221.07,221.12,31777941
MSFT,2023-03-17,221.12,222.14,215.93,215.93,16577340
MSFT,2023-03-20,215.93,216.28,211.62,211.62,27109688
MSFT,2023-03-21,211.62,213.08,210.26,213.08,52921009
MSFT,2023-03-22,213.08,215.13,211.31,214.75,67655366
MSFT,2023-03-23,214.75,215.76,211.56,211.77,54900609
MSFT,2023-03-24,211.77,213.08,211.33,213.01,30580910
MSFT,2023-03-27,213.01,214.29,209.12,209.12,75597529
MSFT,2023-03-28,209.12,209.44,207.29,207.8,12625278
MSFT,2023-03-29,207.8,214.45,207.06,214.45,45805296
MSFT,2023-03-30,214.45,217.34,211.02,212.48,77883847
MSFT,2023-03-31,212.48,214.62,206.64,206.64,60766662
MSFT,2023-04-03,206.64,209.48,204.06,209.19,31635902
MSFT,2023-04-04,209.19,211.18,208.34,209.34,95541325
MSFT,2023-04-05,209.34,212.56,205.19,211.6,62207995
MSFT,2023-04-06,211.6,216.84,209.7,216.84,90468487
MSFT,2023-04-07,216.84,219.9,212.62,212.62,52870215
MSFT,2023-04-10,212.62,212.64,208.1,208.1,39840822
MSFT,2023-04-11,208.1,209.34,207.17,209.34,16404245
MSFT,2023-04-12,209.34,209.75,201.26,201.26,39897192
MSFT,2023-04-13,201.26,203.35,199.77,202.58,68918561
MSFT,2023-04-14,202.58,203.23,197.28,197.28,21508012
MSFT,2023-04-17,197.28,198.64,192.23,197.14,14917097
MSFT,2023-04-18,197.14,199.28,194.02,194.02,76770669
MSFT,2023-04-19,194.02,194.51,190.78,190.78,37263781
MSFT,2023-04-20,190.78,194.29,189.89,194.29,43384690
MSFT,2023-04-21,194.29,197.12,190.95,195.73,69491282
MSFT,2023-04-24,195.73,197.31,194.11,196.08,80256854
MSFT,2023-04-25,196.08,197.71,195.87,197.71,13818006
MSFT,2023-04-26,197.71,200.69,195.64,199.74,78310475
MSFT,2023-04-27,199.74,199.81,196.85,196.85,55800150
MSFT,2023-04-28,196.85,198.74,195.8,198.74,74289397
MSFT,2023-05-01,198.74,201.49,198.59,201.49,72513588
MSFT,2023-05-02,201.49,203.6,199.8,203.6,27571654
MSFT,2023-05-03,203.6,206.25,201.11,201.82,98067292
MSFT,2023-05-04,201.82,203.39,200.89,203.25,95238160
MSFT,2023-05-05,203.25,208.46,203.1,208.46,24673180
MSFT,2023-05-08,208.46,210.74,207.84,210.74,85509759
MSFT,2023-05-09,210.74,210.86,209.78,210.61,31147606
MSFT,2023-05-10,210.61,213.53,209.56,213.53,14650184
MSFT,2023-05-11,213.53,217.42,213.45,213.8,87637642
MSFT,2023-05-12,213.8,215.48,209.19,215.48,21854352
MSFT,2023-05-15,215.48,219.14,213.3,219.14,88427263
MSFT,2023-05-16,219.14,222.73,217.64,222.73,61457138
MSFT,2023-05-17,222.73,222.89,218.28,218.28,35886945
MSFT,2023-05-18,218.28,221.23,214.96,215.02,75942914
MSFT,2023-05-19,215.02,218.71,214.69,218.71,80538385
MSFT,2023-05-22,218.71,222.45,216.27,217.07,15092709
MSFT,2023-05-23,217.07,221.2,216.73,221.2,67756095
MSFT,2023-05-24,221.2,225.02,220.4,225.02,77584581
MSFT,2023-05-25,225.02,225.68,220.65,220.65,34868719
MSFT,2023-05-26,220.65,221.9,220.58,221.9,26142821
MSFT,2023-05-29,221.9,225.26,219.49,219.49,73409898
MSFT,2023-05-30,219.49,221.53,213.52,213.52,28479964
MSFT,2023-05-31,213.52,217.25,211.54,211.54,35871549
MSFT,2023-06-01,211.54,212.31,210.02,212.31,16802525
MSFT,2023-06-02,212.31,212.98,211.91,212.98,18286028
MSFT,2023-06-05,212.98,218.43,210.21,218.43,11359961
MSFT,2023-06-06,218.43,221.26,216.21,221.26,64900667
MSFT,2023-06-07,221.26,223.29,217.64,217.64,95206035
MSFT,2023-06-08,217.64,218.64,217.04,218.64,62882728
MSFT,2023-06-09,218.64,222.18,218.14,222.18,62463345
MSFT,2023-06-12,222.18,222.91,218.57,222.15,96182291
MSFT,2023-06-13,222.15,226.0,220.89,226.0,97930625
MSFT,2023-06-14,226.0,227.96,222.66,222.66,77354591
MSFT,2023-06-15,222.66,224.5,221.69,222.33,75110303
MSFT,2023-06-16,222.33,222.37,217.09,217.09,65196251
MSFT,2023-06-19,217.09,218.58,212.99,212.99,27934330
MSFT,2023-06-20,212.99,213.94,211.78,213.94,11237099
MSFT,2023-06-21,213.94,215.41,211.53,211.53,15627366
MSFT,2023-06-22,211.53,215.13,208.99,208.99,64605855
MSFT,2023-06-23,208.99,209.49,207.28,207.28,93943945
MSFT,2023-06-26,207.28,210.18,206.85,208.85,65510524
MSFT,2023-06-27,208.85,211.68,207.26,211.68,43400164
MSFT,2023-06-28,211.68,212.0,210.06,211.9,58449874
MSFT,2023-06-29,211.9,214.83,209.51,209.51,80864832
MSFT,2023-06-30,209.51,214.0,207.94,211.88,32354524
MSFT,2023-07-03,211.88,215.53,207.66,210.06,94265255
MSFT,2023-07-04,210.06,211.07,206.34,207.75,11972199
MSFT,2023-07-05,207.75,211.74,207.73,207.94,93439956
MSFT,2023-07-06,207.94,208.46,205.89,205.89,46870394
MSFT,2023-07-07,205.89,207.56,202.11,202.11,16344275
MSFT,2023-07-10,202.11,203.21,200.01,201.37,89352155
MSFT,2023-07-11,201.37,203.31,200.7,203.19,37882618
MSFT,2023-07-12,203.19,203.39,199.82,201.42,58199843
MSFT,2023-07-13,201.42,204.09,197.44,197.44,37701624
MSFT,2023-07-14,197.44,199.71,194.75,199.16,55507073
MSFT,2023-07-17,199.16,200.86,198.58,198.58,27447676
MSFT,2023-07-18,198.58,207.57,196.89,207.57,85411753
MSFT,2023-07-19,207.57,208.98,203.3,208.98,24432886
MSFT,2023-07-20,208.98,211.04,205.54,205.54,72455463
MSFT,2023-07-21,205.54,206.15,203.53,204.35,56344001
MSFT,2023-07-24,204.35,207.27,203.49,207.27,41884419
MSFT,2023-07-25,207.27,207.91,202.24,206.7,32081708
MSFT,2023-07-26,206.7,208.15,205.48,208.15,31078303
MSFT,2023-07-27,208.15,212.49,204.85,211.44,58681450
MSFT,2023-07-28,211.44,213.74,205.58,205.58,25452451
MSFT,2023-07-31,205.58,205.59,197.56,197.56,57925365
MSFT,2023-08-01,197.56,200.4,195.75,200.4,20548351
MSFT,2023-08-02,200.4,201.21,197.8,197.8,45267343
MSFT,2023-08-03,197.8,199.84,197.46,199.84,55702455
MSFT,2023-08-04,199.84,199.94,194.6,199.04,66558381
MSFT,2023-08-07,199.04,201.22,195.82,195.82,10898089
MSFT,2023-08-08,195.82,199.26,195.09,196.74,85899355
MSFT,2023-08-09,196.74,200.84,196.37,197.99,81240238
MSFT,2023-08-10,197.99,198.39,194.17,194.17,44904348
MSFT,2023-08-11,194.17,194.7,192.34,194.08,58758486
MSFT,2023-08-14,194.08,194.49,191.75,192.41,49012500
MSFT,2023-08-15,192.41,194.48,191.08,191.09,41546848
MSFT,2023-08-16,191.09,191.44,189.39,189.39,75046397
MSFT,2023-08-17,189.39,191.83,183.22,183.22,10752731
MSFT,2023-08-18,183.22,185.31,182.85,185.1,82404517
MSFT,2023-08-21,185.1,185.6,182.3,185.18,15981699
MSFT,2023-08-22,185.18,187.87,183.87,186.54,82270186
MSFT,2023-08-23,186.54,188.84,186.43,188.84,70404172
MSFT,2023-08-24,188.84,192.91,188.01,192.91,90136856
MSFT,2023-08-25,192.91,193.6,191.62,191.62,78284378
MSFT,2023-08-28,191.62,196.6,191.26,196.6,66915219
MSFT,2023-08-29,196.6,199.48,194.21,199.48,74475740
MSFT,2023-08-30,199.48,200.78,197.04,197.04,29342137
MSFT,2023-08-31,197.04,198.72,194.82,194.82,55635368
MSFT,2023-09-01,194.82,197.78,192.26,192.26,81661730
MSFT,2023-09-04,192.26,195.33,190.15,195.33,33765578
MSFT,2023-09-05,195.33,196.41,193.04,195.93,27183392
MSFT,2023-09-06,195.93,197.92,193.4,193.4,63577293
MSFT,2023-09-07,193.4,195.96,192.33,195.96,78476619
MSFT,2023-09-08,195.96,197.89,193.15,197.89,48911160
MSFT,2023-09-11,197.89,200.99,197.71,199.03,39072461
MSFT,2023-09-12,199.03,200.37,198.34,198.34,99654190
MSFT,2023-09-13,198.34,199.44,197.41,199.44,16053032
MSFT,2023-09-14,199.44,201.76,194.95,194.95,82599854
MSFT,2023-09-15,194.95,195.42,192.07,192.07,80536442
MSFT,2023-09-18,192.07,195.55,190.84,191.78,68890780
MSFT,2023-09-19,191.78,194.33,191.04,193.67,60705581
MSFT,2023-09-20,193.67,196.93,193.02,196.93,62824285
MSFT,2023-09-21,196.93,197.46,196.24,197.46,73665730
MSFT,2023-09-22,197.46,202.19,196.37,202.19,63716668
MSFT,2023-09-25,202.19,206.43,200.92,203.4,63384239
MSFT,2023-09-26,203.4,206.21,202.07,206.21,70730767
MSFT,2023-09-27,206.21,209.26,202.16,203.03,72742222
MSFT,2023-09-28,203.03,205.7,201.27,203.15,24058591
MSFT,2023-09-29,203.15,207.0,202.0,207.0,50965479
MSFT,2023-10-02,207.0,208.97,204.37,204.37,25275558
MSFT,2023-10-03,204.37,209.24,203.52,209.24,96482813
MSFT,2023-10-04,209.24,211.29,202.83,210.8,46169847
MSFT,2023-10-05,210.8,213.22,209.98,211.66,62487172
MSFT,2023-10-06,211.66,215.34,209.31,211.12,14679041
MSFT,2023-10-09,211.12,212.07,210.71,210.99,89287570
MSFT,2023-10-10,210.99,211.69,208.7,208.7,29010864
MSFT,2023-10-11,208.7,210.77,206.83,210.77,99751410
MSFT,2023-10-12,210.77,211.38,208.88,208.88,51850856
MSFT,2023-10-13,208.88,209.29,207.37,207.37,16393140
MSFT,2023-10-16,207.37,208.74,205.15,205.15,52219648
MSFT,2023-10-17,205.15,205.73,203.74,203.74,97576911
MSFT,2023-10-18,203.74,207.21,202.8,203.1,81846387
MSFT,2023-10-19,203.1,205.22,199.54,199.54,33081675
MSFT,2023-10-20,199.54,202.27,197.27,198.59,15630835
MSFT,2023-10-23,198.59,200.46,197.77,200.46,87819302
MSFT,2023-10-24,200.46,204.3,197.77,197.77,60706752
MSFT,2023-10-25,197.77,198.37,196.8,196.8,22967090
MSFT,2023-10-26,196.8,204.85,195.27,204.85,53905088
MSFT,2023-10-27,204.85,206.56,202.98,204.71,15128085
MSFT,2023-10-30,204.71,207.13,199.95,203.12,75250546
MSFT,2023-10-31,203.12,208.81,202.14,208.81,38248794
MSFT,2023-11-01,208.81,211.36,208.52,210.07,99050601
MSFT,2023-11-02,210.07,211.84,209.29,209.29,76747730
MSFT,2023-11-03,209.29,216.25,204.99,204.99,85440737
MSFT,2023-11-06,204.99,208.01,201.49,208.01,50859092
MSFT,2023-11-07,208.01,209.04,205.23,205.23,27677729
MSFT,2023-11-08,205.23,211.2,200.68,211.2,30684405
MSFT,2023-11-09,211.2,215.63,209.37,210.8,69550053
MSFT,2023-11-10,210.8,213.11,209.56,211.59,29683882
MSFT,2023-11-13,211.59,212.53,209.04,209.04,35713681
MSFT,2023-11-14,209.04,209.5,205.68,205.68,43065165
MSFT,2023-11-15,205.68,205.92,203.94,204.2,86060876
MSFT,2023-11-16,204.2,205.19,201.95,202.67,29638678
MSFT,2023-11-17,202.67,204.85,201.58,204.85,33692261
MSFT,2023-11-20,204.85,207.36,203.54,206.59,51249123
MSFT,2023-11-21,206.59,208.12,206.05,208.12,53751743
MSFT,2023-11-22,208.12,209.51,205.3,205.3,52126214
MSFT,2023-11-23,205.3,208.56,204.82,204.82,23904298
MSFT,2023-11-24,204.82,205.85,196.48,196.48,84479774
MSFT,2023-11-27,196.48,200.67,194.3,200.67,55952268
MSFT,2023-11-28,200.67,203.09,199.65,203.09,14521870
MSFT,2023-11-29,203.09,215.15,202.05,215.15,49436075
MSFT,2023-11-30,215.15,215.77,214.33,214.33,31373070
MSFT,2023-12-01,214.33,214.86,212.41,213.07,35294477
MSFT,2023-12-04,213.07,215.48,211.85,211.85,77569268
MSFT,2023-12-05,211.85,215.95,210.9,215.95,31323999
MSFT,2023-12-06,215.95,219.94,215.57,218.28,15954866
MSFT,2023-12-07,218.28,221.62,217.98,220.58,31098304
MSFT,2023-12-08,220.58,220.72,220.04,220.04,93988457
MSFT,2023-12-11,220.04,221.57,216.82,220.98,71064997
MSFT,2023-12-12,220.98,223.98,219.02,223.98,35345443
MSFT,2023-12-13,223.98,227.3,221.65,227.3,66042058
MSFT,2023-12-14,227.3,227.82,223.57,225.35,40904803
MSFT,2023-12-15,225.35,226.41,222.75,224.14,93576750
MSFT,2023-12-18,224.14,226.71,223.95,225.34,32199275
MSFT,2023-12-19,225.34,230.02,215.34,215.34,77605942
MSFT,2023-12-20,215.34,218.62,213.3,216.96,46216563
MSFT,2023-12-21,216.96,222.75,215.67,222.75,72195023
MSFT,2023-12-22,222.75,224.11,220.11,220.11,48696185
MSFT,2023-12-25,220.11,220.61,216.34,216.73,35915080
MSFT,2023-12-26,216.73,216.88,210.62,210.62,24796497
MSFT,2023-12-27,210.62,217.01,208.5,217.01,91217172
MSFT,2023-12-28,217.01,221.23,215.83,221.23,83888291
MSFT,2023-12-29,221.23,225.45,219.44,222.0,90854781
AMZN,2023-01-02,100.0,100.96,97.57,97.57,61917164
AMZN,2023-01-03,97.57,98.57,97.47,97.75,98251140
AMZN,2023-01-04,97.75,100.03,97.68,100.03,57906268
AMZN,2023-01-05,100.03,101.77,99.44,99.76,94448415
AMZN,2023-01-06,99.76,100.62,96.95,96.95,30386946
AMZN,2023-01-09,96.95,99.75,96.32,99.75,61986857
AMZN,2023-01-10,99.75,101.42,99.65,101.42,41573719
AMZN,2023-01-11,101.42,103.48,100.89,103.48,39536153
AMZN,2023-01-12,103.48,106.41,101.18,101.18,44289214
AMZN,2023-01-13,101.18,102.06,100.71,102.06,44614996
AMZN,2023-01-16,102.06,102.46,99.25,99.25,57841493
AMZN,2023-01-17,99.25,99.97,98.74,99.97,46697329
AMZN,2023-01-18,99.97,100.95,99.91,100.7,74327794
AMZN,2023-01-19,100.7,101.43,99.99,101.43,20472263
AMZN,2023-01-20,101.43,102.41,100.83,102.41,41919958
AMZN,2023-01-23,102.41,104.64,101.23,102.8,85027960
AMZN,2023-01-24,102.8,104.03,101.39,103.51,19528688
AMZN,2023-01-25,103.51,104.62,101.66,102.46,70824063
AMZN,2023-01-26,102.46,102.67,101.23,101.66,24113143
AMZN,2023-01-27,101.66,102.88,101.1,101.1,89139719
AMZN,2023-01-30,101.1,101.43,98.86,98.86,96230620
AMZN,2023-01-31,98.86,99.21,98.61,98.93,94087370
AMZN,2023-02-01,98.93,99.62,97.68,99.32,77715809
AMZN,2023-02-02,99.32,101.9,98.97,101.9,48561211
AMZN,2023-02-03,101.9,103.14,101.67,103.14,58626687
AMZN,2023-02-06,103.14,103.38,101.94,102.81,44113643
AMZN,2023-02-07,102.81,103.13,102.57,102.57,56268589
AMZN,2023-02-08,102.57,104.5,100.76,104.5,39269007
AMZN,2023-02-09,104.5,104.94,103.6,104.4,70398384
AMZN,2023-02-10,104.4,106.46,103.91,106.46,33933560
AMZN,2023-02-13,106.46,109.15,105.68,109.15,94467680
AMZN,2023-02-14,109.15,109.79,107.89,109.79,30040847
AMZN,2023-02-15,109.79,111.85,108.52,110.59,25384276
AMZN,2023-02-16,110.59,112.24,110.06,110.18,90816818
AMZN,2023-02-17,110.18,111.01,109.02,109.91,24671720
AMZN,2023-02-20,109.91,112.69,109.35,112.69,88156857
AMZN,2023-02-21,112.69,113.53,110.54,112.51,12578718
AMZN,2023-02-22,112.51,114.8,112.48,114.8,80863476
AMZN,2023-02-23,114.8,114.84,112.81,114.7,97642037
AMZN,2023-02-24,114.7,117.33,114.31,117.33,73849497
AMZN,2023-02-27,117.33,118.22,116.33,118.22,14551579
AMZN,2023-02-28,118.22,119.65,114.51,114.51,82508392
AMZN,2023-03-01,114.51,115.32,113.35,113.35,40370885
AMZN,2023-03-02,113.35,114.12,111.88,111.88,14616446
AMZN,2023-03-03,111.88,112.3,107.06,107.06,57694652
AMZN,2023-03-06,107.06,107.33,104.49,104.49,82488909
AMZN,2023-03-07,104.49,104.97,103.59,103.59,42496725
AMZN,2023-03-08,103.59,105.35,102.57,102.57,15101238
AMZN,2023-03-09,102.57,102.99,101.6,102.47,67735403
AMZN,2023-03-10,102.47,103.46,102.14,103.46,90612094
AMZN,2023-03-13,103.46,104.23,101.94,101.95,70514545
AMZN,2023-03-14,101.95,102.48,100.96,101.24,84191540
AMZN,2023-03-15,101.24,101.57,99.61,99.61,70414374
AMZN,2023-03-16,99.61,101.65,99.41,101.65,99332361
AMZN,2023-03-17,101.65,103.51,101.23,103.06,52091309
AMZN,2023-03-20,103.06,104.42,101.24,104.21,48473780
AMZN,2023-03-21,104.21,106.18,103.83,105.38,94098973
AMZN,2023-03-22,105.38,106.36,104.81,106.12,60057162
AMZN,2023-03-23,106.12,106.84,104.66,104.66,87900614
AMZN,2023-03-24,104.66,106.02,103.72,106.02,70883537
AMZN,2023-03-27,106.02,108.72,105.24,108.72,48615613
AMZN,2023-03-28,108.72,111.68,107.89,111.68,30364518
AMZN,2023-03-29,111.68,112.53,109.98,109.98,29684250
AMZN,2023-03-30,109.98,111.18,109.62,111.18,14049713
AMZN,2023-03-31,111.18,112.57,109.82,109.82,39877435
AMZN,2023-04-03,109.82,110.17,109.8,109.81,17343884
AMZN,2023-04-04,109.81,111.91,108.1,108.1,36633882
AMZN,2023-04-05,108.1,108.47,108.02,108.47,14537509
AMZN,2023-04-06,108.47,109.48,108.45,108.82,16245467
AMZN,2023-04-07,108.82,113.56,107.95,113.56,40686271
AMZN,2023-04-10,113.56,114.43,113.06,113.32,36401807
AMZN,2023-04-11,113.32,115.47,112.13,112.13,91023770
AMZN,2023-04-12,112.13,113.32,111.72,113.26,36624168
AMZN,2023-04-13,113.26,114.0,111.97,113.57,67034043
AMZN,2023-04-14,113.57,113.62,112.54,113.22,69855039
AMZN,2023-04-17,113.22,115.45,112.42,115.27,22111864
AMZN,2023-04-18,115.27,116.01,115.02,115.73,75604528
AMZN,2023-04-19,115.73,116.16,114.27,114.27,10002764
AMZN,2023-04-20,114.27,115.82,112.75,112.75,96186848
AMZN,2023-04-21,112.75,113.44,109.64,113.04,17655074
AMZN,2023-04-24,113.04,114.03,109.45,109.45,31626921
AMZN,2023-04-25,109.45,111.97,108.77,111.97,18698035
AMZN,2023-04-26,111.97,114.75,110.54,114.41,39424692
AMZN,2023-04-27,114.41,115.34,112.54,115.04,70525653
AMZN,2023-04-28,115.04,116.35,113.11,113.11,21549327
AMZN,2023-05-01,113.11,115.07,111.58,111.58,73055034
AMZN,2023-05-02,111.58,112.52,109.61,112.52,65725546
AMZN,2023-05-03,112.52,113.04,110.57,112.58,65539534
AMZN,2023-05-04,112.58,113.05,112.02,112.02,62700735
AMZN,2023-05-05,112.02,112.98,110.43,110.43,15132422
AMZN,2023-05-08,110.43,111.43,108.72,110.81,67399672
AMZN,2023-05-09,110.81,112.99,110.79,111.29,32708073
AMZN,2023-05-10,111.29,113.01,109.52,112.87,42834022
AMZN,2023-05-11,112.87,113.9,110.43,113.9,27094252
AMZN,2023-05-12,113.9,115.95,113.1,114.82,11884070
AMZN,2023-05-15,114.82,115.25,114.46,114.46,78987458
AMZN,2023-05-16,114.46,115.87,112.75,112.75,78062841
AMZN,2023-05-17,112.75,115.56,111.43,115.56,94125692
AMZN,2023-05-18,115.56,115.96,114.72,114.72,44005529
AMZN,2023-05-19,114.72,114.93,114.15,114.91,55533848
AMZN,2023-05-22,114.91,116.04,113.59,115.76,20363156
AMZN,2023-05-23,115.76,116.01,112.89,112.89,44854697
AMZN,2023-05-24,112.89,115.09,111.74,111.74,83235100
AMZN,2023-05-25,111.74,112.1,111.17,112.1,95910933
AMZN,2023-05-26,112.1,113.44,110.47,112.02,46131560
AMZN,2023-05-29,112.02,115.12,111.62,115.12,45256820
AMZN,2023-05-30,115.12,116.05,112.62,116.05,88472175
AMZN,2023-05-31,116.05,118.19,114.98,118.18,82271069
AMZN,2023-06-01,118.18,118.27,116.79,116.79,45668136
AMZN,2023-06-02,116.79,117.69,116.27,117.09,23630096
AMZN,2023-06-05,117.09,120.61,116.5,120.61,84559480
AMZN,2023-06-06,120.61,123.37,119.61,123.37,66708381
AMZN,2023-06-07,123.37,124.34,123.13,124.34,21191125
AMZN,2023-06-08,124.34,125.04,123.33,124.22,13625696
AMZN,2023-06-09,124.22,127.36,123.37,125.09,70502561
AMZN,2023-06-12,125.09,126.82,124.99,125.39,95547953
AMZN,2023-06-13,125.39,125.9,122.89,124.18,44285666
AMZN,2023-06-14,124.18,124.35,122.7,122.7,91216294
AMZN,2023-06-15,122.7,123.35,120.38,120.38,83843882
AMZN,2023-06-16,120.38,120.77,118.92,120.3,41779260
AMZN,2023-06-19,120.3,121.97,119.77,120.82,80596492
AMZN,2023-06-20,120.82,122.87,118.71,122.87,96215127
AMZN,2023-06-21,122.87,127.12,122.17,127.12,61444688
AMZN,2023-06-22,127.12,128.9,124.75,124.75,57106123
AMZN,2023-06-23,124.75,126.17,124.61,126.12,24703008
AMZN,2023-06-26,126.12,126.77,124.66,124.66,44803635
AMZN,2023-06-27,124.66,125.35,121.0,124.48,44450569
AMZN,2023-06-28,124.48,128.37,124.24,128.37,55512706
AMZN,2023-06-29,128.37,131.7,128.17,131.7,96381191
AMZN,2023-06-30,131.7,134.47,130.92,133.79,14102664
AMZN,2023-07-03,133.79,134.08,132.95,132.95,21095540
AMZN,2023-07-04,132.95,135.12,132.79,132.85,42232574
AMZN,2023-07-05,132.85,135.65,131.32,134.87,46970992
AMZN,2023-07-06,134.87,138.43,134.43,137.74,12160454
AMZN,2023-07-07,137.74,138.45,135.63,135.72,38382736
AMZN,2023-07-10,135.72,137.61,134.95,137.14,18726910
AMZN,2023-07-11,137.14,138.23,136.44,138.23,52758088
AMZN,2023-07-12,138.23,142.31,136.42,142.31,80418323
AMZN,2023-07-13,142.31,142.48,141.6,142.48,46870558
AMZN,2023-07-14,142.48,143.33,139.62,139.62,75778331
AMZN,2023-07-17,139.62,143.27,139.01,143.27,87978086
AMZN,2023-07-18,143.27,144.37,142.75,144.37,22598863
AMZN,2023-07-19,144.37,147.57,143.64,147.21,99687367
AMZN,2023-07-20,147.21,147.8,141.78,141.78,45640086
AMZN,2023-07-21,141.78,143.44,140.61,140.61,47655058
AMZN,2023-07-24,140.61,145.04,138.18,145.04,61803408
AMZN,2023-07-25,145.04,146.84,142.0,144.89,28909647
AMZN,2023-07-26,144.89,148.43,143.99,148.43,60750362
AMZN,2023-07-27,148.43,150.46,146.39,150.46,76152266
AMZN,2023-07-28,150.46,151.24,146.79,151.24,21986391
AMZN,2023-07-31,151.24,153.61,150.11,150.11,35936607
AMZN,2023-08-01,150.11,155.84,149.77,155.84,35706338
AMZN,2023-08-02,155.84,157.42,155.67,157.42,18227979
AMZN,2023-08-03,157.42,158.76,154.08,154.43,46662897
AMZN,2023-08-04,154.43,156.73,154.08,156.73,90159260
AMZN,2023-08-07,156.73,159.33,156.11,159.33,48670602
AMZN,2023-08-08,159.33,160.18,157.31,160.18,34191785
AMZN,2023-08-09,160.18,161.18,158.98,160.95,37577390
AMZN,2023-08-10,160.95,166.16,157.86,166.16,17341743
AMZN,2023-08-11,166.16,168.63,163.19,163.19,35495596
AMZN,2023-08-14,163.19,166.31,161.45,166.31,93947764
AMZN,2023-08-15,166.31,167.9,164.65,167.9,60813157
AMZN,2023-08-16,167.9,171.15,166.26,171.15,89177716
AMZN,2023-08-17,171.15,173.82,170.38,173.82,29858595
AMZN,2023-08-18,173.82,179.26,172.46,179.26,78400499
AMZN,2023-08-21,179.26,180.7,176.22,177.22,28872124
AMZN,2023-08-22,177.22,177.42,176.9,177.4,80370182
AMZN,2023-08-23,177.4,178.75,175.53,178.54,96907507
AMZN,2023-08-24,178.54,179.05,175.99,175.99,61755451
AMZN,2023-08-25,175.99,178.44,173.42,178.44,38097076
AMZN,2023-08-28,178.44,183.61,176.95,183.61,46479282
AMZN,2023-08-29,183.61,185.8,182.44,185.8,80504849
AMZN,2023-08-30,185.8,187.19,185.02,185.24,86151178
AMZN,2023-08-31,185.24,188.03,183.1,186.07,15618819
AMZN,2023-09-01,186.07,186.14,183.4,183.4,82794369
AMZN,2023-09-04,183.4,184.09,180.43,180.43,87282830
AMZN,2023-09-05,180.43,181.62,179.63,181.62,95052165
AMZN,2023-09-06,181.62,183.68,179.39,179.47,55052138
AMZN,2023-09-07,179.47,183.44,178.82,179.99,82215642
AMZN,2023-09-08,179.99,180.22,178.11,178.11,69608236
AMZN,2023-09-11,178.11,180.15,177.86,180.15,87265580
AMZN,2023-09-12,180.15,181.16,178.85,181.16,76777995
AMZN,2023-09-13,181.16,182.65,178.14,178.14,14827131
AMZN,2023-09-14,178.14,178.51,174.93,178.43,86418821
AMZN,2023-09-15,178.43,179.13,175.52,175.52,27027621
AMZN,2023-09-18,175.52,178.85,172.35,178.85,64388168
AMZN,2023-09-19,178.85,182.36,177.89,182.36,19486123
AMZN,2023-09-20,182.36,184.74,180.65,184.74,72732174
AMZN,2023-09-21,184.74,187.25,183.69,187.25,46700023
AMZN,2023-09-22,187.25,188.28,186.9,188.28,66823837
AMZN,2023-09-25,188.28,189.86,185.79,185.79,79795476
AMZN,2023-09-26,185.79,187.69,185.22,186.74,10964376
AMZN,2023-09-27,186.74,188.02,184.06,188.02,40968245
AMZN,2023-09-28,188.02,193.14,184.4,184.4,89192316
AMZN,2023-09-29,184.4,193.46,184.07,193.46,69683162
AMZN,2023-10-02,193.46,196.47,190.09,193.25,47997301
AMZN,2023-10-03,193.25,194.38,191.55,191.55,47707279
AMZN,2023-10-04,191.55,194.72,191.0,194.71,77690289
AMZN,2023-10-05,194.71,195.0,188.92,188.92,41051515
AMZN,2023-10-06,188.92,191.58,188.14,188.67,10020433
AMZN,2023-10-09,188.67,189.65,186.74,186.74,48748223
AMZN,2023-10-10,186.74,187.3,184.79,187.3,41394871
AMZN,2023-10-11,187.3,191.41,186.2,191.41,13203120
AMZN,2023-10-12,191.41,192.45,190.54,192.45,82216160
AMZN,2023-10-13,192.45,196.24,190.55,190.55,87530111
AMZN,2023-10-16,190.55,196.48,187.68,196.48,98995648
AMZN,2023-10-17,196.48,197.53,194.88,197.53,58455548
AMZN,2023-10-18,197.53,200.07,196.42,200.07,41102162
AMZN,2023-10-19,200.07,202.16,198.06,202.16,10053814
AMZN,2023-10-20,202.16,204.31,200.56,200.75,31021062
AMZN,2023-10-23,200.75,201.7,195.52,195.52,88831443
AMZN,2023-10-24,195.52,195.55,192.01,192.01,39714035
AMZN,2023-10-25,192.01,192.64,190.01,191.68,24785815
AMZN,2023-10-26,191.68,192.42,188.4,188.4,67141599
AMZN,2023-10-27,188.4,190.86,187.3,189.01,25192900
AMZN,2023-10-30,189.01,191.98,187.93,187.93,94131596
AMZN,2023-10-31,187.93,188.33,186.07,187.56,43934853
AMZN,2023-11-01,187.56,189.31,183.38,184.8,24389178
AMZN,2023-11-02,184.8,185.75,182.42,182.42,81679650
AMZN,2023-11-03,182.42,183.86,177.12,177.12,24019593
AMZN,2023-11-06,177.12,177.3,174.88,174.94,13583029
AMZN,2023-11-07,174.94,175.17,170.32,170.32,13879009
AMZN,2023-11-08,170.32,172.33,169.39,169.39,98313181
AMZN,2023-11-09,169.39,171.61,168.43,170.16,40833197
AMZN,2023-11-10,170.16,170.99,167.24,167.24,16213324
AMZN,2023-11-13,167.24,169.33,165.39,168.53,67208078
AMZN,2023-11-14,168.53,169.2,166.16,166.16,44391114
AMZN,2023-11-15,166.16,167.19,165.6,167.19,31373497
AMZN,2023-11-16,167.19,169.73,164.5,169.73,42625178
AMZN,2023-11-17,169.73,171.92,168.82,171.92,52213667
AMZN,2023-11-20,171.92,172.77,169.69,170.66,12281374
AMZN,2023-11-21,170.66,172.55,167.91,167.91,15016676
AMZN,2023-11-22,167.91,168.9,164.48,164.48,23244692
AMZN,2023-11-23,164.48,165.36,164.04,164.08,91974363
AMZN,2023-11-24,164.08,164.43,163.47,164.14,93345360
AMZN,2023-11-27,164.14,165.23,162.43,162.43,59200953
AMZN,2023-11-28,162.43,164.05,160.17,162.85,24960642
AMZN,2023-11-29,162.85,163.32,161.88,163.32,43487402
AMZN,2023-11-30,163.32,165.26,161.59,161.59,14464531
AMZN,2023-12-01,161.59,162.26,158.89,162.26,30428068
AMZN,2023-12-04,162.26,163.07,159.27,163.07,96539565
AMZN,2023-12-05,163.07,164.01,158.34,160.98,41648488
AMZN,2023-12-06,160.98,162.34,159.86,161.4,40766413
AMZN,2023-12-07,161.4,163.26,161.05,162.89,42692981
AMZN,2023-12-08,162.89,166.38,162.19,166.38,45554800
AMZN,2023-12-11,166.38,167.41,165.43,167.41,70638060
AMZN,2023-12-12,167.41,171.55,165.19,171.55,26777782
AMZN,2023-12-13,171.55,172.06,168.02,168.02,28365794
AMZN,2023-12-14,168.02,170.64,165.5,170.64,97054407
AMZN,2023-12-15,170.64,172.15,166.23,170.49,90815969
AMZN,2023-12-18,170.49,175.32,169.9,175.32,21110487
AMZN,2023-12-19,175.32,176.64,171.17,171.17,85518972
AMZN,2023-12-20,171.17,171.47,168.23,168.23,75812553
AMZN,2023-12-21,168.23,172.17,166.78,172.17,68361810
AMZN,2023-12-22,172.17,173.5,171.35,171.35,45427196
AMZN,2023-12-25,171.35,174.6,171.21,174.6,40600394
AMZN,2023-12-26,174.6,176.1,174.11,176.1,24894979
AMZN,2023-12-27,176.1,176.65,172.81,172.81,67179101
AMZN,2023-12-28,172.81,173.86,171.39,171.39,60377019
AMZN,2023-12-29,171.39,172.09,169.88,170.86,49185669
NVDA,2023-01-02,200.0,201.54,198.78,200.25,37249761
NVDA,2023-01-03,200.25,205.22,197.74,201.44,64052487
NVDA,2023-01-04,201.44,203.66,200.34,200.34,75486802
NVDA,2023-01-05,200.34,200.7,200.09,200.7,63254527
NVDA,2023-01-06,200.7,202.81,197.97,202.51,54080728
NVDA,2023-01-09,202.51,207.6,201.79,207.6,56738142
NVDA,2023-01-10,207.6,209.42,203.6,209.42,49394514
NVDA,2023-01-11,209.42,210.35,205.86,207.09,41230210
NVDA,2023-01-12,207.09,207.15,200.78,200.78,92848229
NVDA,2023-01-13,200.78,200.84,199.92,199.92,76659722
NVDA,2023-01-16,199.92,199.98,197.43,197.43,65276761
NVDA,2023-01-17,197.43,198.93,194.28,198.93,48623454
NVDA,2023-01-18,198.93,200.19,197.57,197.57,79187241
NVDA,2023-01-19,197.57,197.8,193.5,193.5,20728939
NVDA,2023-01-20,193.5,194.62,192.57,193.37,47954135
NVDA,2023-01-23,193.37,195.49,192.3,195.49,61985177
NVDA,2023-01-24,195.49,197.02,190.15,190.15,43011848
NVDA,2023-01-25,190.15,190.57,189.34,189.34,96964686
NVDA,2023-01-26,189.34,193.98,187.71,193.98,51008459
NVDA,2023-01-27,193.98,197.12,189.95,189.95,35372652
NVDA,2023-01-30,189.95,191.52,189.91,191.52,92152072
NVDA,2023-01-31,191.52,193.29,187.3,189.64,32476976
NVDA,2023-02-01,189.64,192.38,188.31,192.38,18962174
NVDA,2023-02-02,192.38,200.6,189.24,200.6,17174356
NVDA,2023-02-03,200.6,202.09,198.56,202.09,62354937
NVDA,2023-02-06,202.09,203.1,199.2,202.81,89185397
NVDA,2023-02-07,202.81,205.2,200.89,205.2,37872253
NVDA,2023-02-08,205.2,206.76,202.88,206.28,37086968
NVDA,2023-02-09,206.28,208.15,203.11,208.15,65495978
NVDA,2023-02-10,208.15,208.35,207.64,207.8,52170129
NVDA,2023-02-13,207.8,208.44,206.49,206.7,48295509
NVDA,2023-02-14,206.7,207.45,204.64,204.64,13098817
NVDA,2023-02-15,204.64,208.76,202.88,208.76,44917547
NVDA,2023-02-16,208.76,209.14,208.43,209.12,94185504
NVDA,2023-02-17,209.12,212.09,205.78,205.78,39895526
NVDA,2023-02-20,205.78,207.87,204.19,206.56,93646313
NVDA,2023-02-21,206.56,208.51,206.29,208.51,44850082
NVDA,2023-02-22,208.51,210.56,206.24,208.84,98465219
NVDA,2023-02-23,208.84,213.18,208.71,213.18,82165615
NVDA,2023-02-24,213.18,215.43,212.78,214.06,26259178
NVDA,2023-02-27,214.06,217.85,210.73,217.85,50011615
NVDA,2023-02-28,217.85,219.68,212.96,212.96,15261218
NVDA,2023-03-01,212.96,216.98,211.99,212.29,45998471
NVDA,2023-03-02,212.29,212.54,209.08,209.08,89590908
NVDA,2023-03-03,209.08,211.37,207.24,210.15,73098782
NVDA,2023-03-06,210.15,215.93,204.65,215.93,10661774
NVDA,2023-03-07,215.93,219.5,215.69,219.5,98112865
NVDA,2023-03-08,219.5,219.65,213.55,218.33,91893714
NVDA,2023-03-09,218.33,221.91,217.5,220.47,51119926
NVDA,2023-03-10,220.47,225.67,219.33,221.61,97003552
NVDA,2023-03-13,221.61,222.15,220.01,220.01,16187851
NVDA,2023-03-14,220.01,224.85,217.11,223.84,88997446
NVDA,2023-03-15,223.84,225.72,222.39,225.72,97466077
NVDA,2023-03-16,225.72,229.92,225.47,226.12,52246615
NVDA,2023-03-17,226.12,227.91,224.77,224.77,36807345
NVDA,2023-03-20,224.77,225.11,221.38,224.05,30473344
NVDA,2023-03-21,224.05,226.21,222.53,222.53,98931166
NVDA,2023-03-22,222.53,225.49,222.4,224.28,90202608
NVDA,2023-03-23,224.28,230.5,223.66,230.5,35364250
NVDA,2023-03-24,230.5,230.72,227.94,228.85,64530713
NVDA,2023-03-27,228.85,229.0,227.54,227.54,48955592
NVDA,2023-03-28,227.54,231.42,221.53,228.55,45028775
NVDA,2023-03-29,228.55,232.42,221.67,232.42,35082488
NVDA,2023-03-30,232.42,236.25,231.02,234.53,35110746
NVDA,2023-03-31,234.53,236.0,233.37,235.04,33291316
NVDA,2023-04-03,235.04,236.4,225.09,225.09,37289780
NVDA,2023-04-04,225.09,229.28,224.99,227.9,11277697
NVDA,2023-04-05,227.9,229.92,224.15,229.92,72361801
NVDA,2023-04-06,229.92,234.07,224.42,231.15,25224570
NVDA,2023-04-07,231.15,236.96,231.06,234.2,30453494
NVDA,2023-04-10,234.2,240.88,233.55,240.88,65020749
NVDA,2023-04-11,240.88,243.98,239.41,241.03,25341626
NVDA,2023-04-12,241.03,243.88,235.5,235.5,53575572
NVDA,2023-04-13,235.5,236.34,232.28,234.39,40786249
NVDA,2023-04-14,234.39,236.03,232.44,232.44,33476432
NVDA,2023-04-17,232.44,239.19,227.17,227.17,97027166
NVDA,2023-04-18,227.17,230.95,226.7,230.95,88118166
NVDA,2023-04-19,230.95,234.72,227.28,227.28,43483921
NVDA,2023-04-20,227.28,229.3,225.02,227.09,31959577
NVDA,2023-04-21,227.09,228.79,224.26,226.22,90600016
NVDA,2023-04-24,226.22,227.34,225.56,226.13,71899228
NVDA,2023-04-25,226.13,228.26,219.48,219.48,14649162
NVDA,2023-04-26,219.48,220.63,216.49,219.15,54191778
NVDA,2023-04-27,219.15,221.36,215.71,215.71,37852259
NVDA,2023-04-28,215.71,216.5,211.2,215.6,98500669
NVDA,2023-05-01,215.6,217.28,210.82,210.82,74438622
NVDA,2023-05-02,210.82,211.25,208.46,208.46,63652838
NVDA,2023-05-03,208.46,210.18,207.03,209.14,85745980
NVDA,2023-05-04,209.14,209.58,204.59,204.59,59032097
NVDA,2023-05-05,204.59,205.37,200.01,200.01,31487659
NVDA,2023-05-08,200.01,202.74,198.06,198.84,43001099
NVDA,2023-05-09,198.84,201.03,198.7,201.03,95919972
NVDA,2023-05-10,201.03,202.51,199.24,199.24,34011509
NVDA,2023-05-11,199.24,202.29,197.95,197.95,87249064
NVDA,2023-05-12,197.95,199.94,195.71,196.83,15481498
NVDA,2023-05-15,196.83,200.26,195.03,200.26,72403978
NVDA,2023-05-16,200.26,202.33,198.07,198.07,50169372
NVDA,2023-05-17,198.07,200.84,195.9,200.84,98863162
NVDA,2023-05-18,200.84,203.16,199.33,203.0,24072592
NVDA,2023-05-19,203.0,203.85,199.84,203.7,34719928
NVDA,2023-05-22,203.7,204.35,197.5,197.5,61237448
NVDA,2023-05-23,197.5,198.17,193.0,198.17,14604895
NVDA,2023-05-24,198.17,201.3,196.31,198.13,55371955
NVDA,2023-05-25,198.13,200.41,196.45,196.56,51758687
NVDA,2023-05-26,196.56,197.97,196.11,197.85,82716159
NVDA,2023-05-29,197.85,198.66,196.99,196.99,67951716
NVDA,2023-05-30,196.99,199.34,195.81,197.9,57583658
NVDA,2023-05-31,197.9,204.23,197.26,204.23,17330249
NVDA,2023-06-01,204.23,205.34,198.99,198.99,72247906
NVDA,2023-06-02,198.99,199.99,198.12,199.5,19388177
NVDA,2023-06-05,199.5,203.57,192.5,192.5,88119963
NVDA,2023-06-06,192.5,193.32,190.35,190.35,16775084
NVDA,2023-06-07,190.35,191.12,188.72,188.72,94868450
NVDA,2023-06-08,188.72,190.83,184.75,184.75,73931635
NVDA,2023-06-09,184.75,185.75,183.2,185.75,40686577
NVDA,2023-06-12,185.75,186.34,182.06,182.06,12217996
NVDA,2023-06-13,182.06,185.1,181.17,185.1,68260792
NVDA,2023-06-14,185.1,188.17,183.48,188.17,98423432
NVDA,2023-06-15,188.17,189.76,187.91,187.91,84375128
NVDA,2023-06-16,187.91,188.61,184.43,186.91,14959138
NVDA,2023-06-19,186.91,191.58,184.04,184.04,38048762
NVDA,2023-06-20,184.04,185.81,183.96,185.81,97531141
NVDA,2023-06-21,185.81,189.94,183.27,184.93,69600894
NVDA,2023-06-22,184.93,186.76,182.01,182.01,38410163
NVDA,2023-06-23,182.01,183.55,181.82,183.06,88272629
NVDA,2023-06-26,183.06,183.29,181.29,181.82,51337331
NVDA,2023-06-27,181.82,182.84,180.82,182.53,47917079
NVDA,2023-06-28,182.53,184.53,179.65,184.53,27324383
NVDA,2023-06-29,184.53,186.15,180.95,186.15,59182872
NVDA,2023-06-30,186.15,186.52,184.11,184.11,62419156
NVDA,2023-07-03,184.11,185.03,182.0,182.84,11574839
NVDA,2023-07-04,182.84,183.74,181.75,183.74,83754611
NVDA,2023-07-05,183.74,186.19,180.65,180.65,12394752
NVDA,2023-07-06,180.65,182.53,178.12,182.53,62268039
NVDA,2023-07-07,182.53,184.93,181.47,184.93,21349912
NVDA,2023-07-10,184.93,185.64,181.82,181.82,87274009
NVDA,2023-07-11,181.82,182.52,181.23,182.2,65645651
NVDA,2023-07-12,182.2,185.8,180.42,185.8,85101242
NVDA,2023-07-13,185.8,187.21,183.21,184.61,96217395
NVDA,2023-07-14,184.61,187.62,183.76,187.62,24985319
NVDA,2023-07-17,187.62,188.66,185.33,185.33,92335145
NVDA,2023-07-18,185.33,186.19,180.99,180.99,78307914
NVDA,2023-07-19,180.99,183.47,180.28,183.47,30959123
NVDA,2023-07-20,183.47,184.34,180.93,180.93,63431615
NVDA,2023-07-21,180.93,182.88,177.01,178.84,98568051
NVDA,2023-07-24,178.84,180.68,175.72,175.72,41909338
NVDA,2023-07-25,175.72,176.45,171.64,171.64,90623415
NVDA,2023-07-26,171.64,172.7,170.36,172.7,91628696
NVDA,2023-07-27,172.7,174.49,170.65,174.49,26947227
NVDA,2023-07-28,174.49,177.35,174.01,177.35,22948116
NVDA,2023-07-31,177.35,178.96,176.6,176.96,21728838
NVDA,2023-08-01,176.96,178.98,176.0,177.96,18784903
NVDA,2023-08-02,177.96,179.87,176.75,176.75,70941183
NVDA,2023-08-03,176.75,182.34,174.16,182.34,33949123
NVDA,2023-08-04,182.34,183.34,182.03,182.29,84915193
NVDA,2023-08-07,182.29,184.96,180.1,184.96,98195990
NVDA,2023-08-08,184.96,187.11,184.56,187.11,91917651
NVDA,2023-08-09,187.11,189.96,184.56,186.36,48712845
NVDA,2023-08-10,186.36,187.47,181.36,181.36,32755366
NVDA,2023-08-11,181.36,183.04,180.93,183.04,92098741
NVDA,2023-08-14,183.04,186.95,181.44,186.95,12530935
NVDA,2023-08-15,186.95,189.67,184.29,184.34,23148690
NVDA,2023-08-16,184.34,185.55,182.37,182.94,63643923
NVDA,2023-08-17,182.94,187.75,182.15,187.75,83770930
NVDA,2023-08-18,187.75,190.25,185.03,190.25,22217126
NVDA,2023-08-21,190.25,191.21,188.63,190.38,19013949
NVDA,2023-08-22,190.38,192.79,188.96,192.79,40800297
NVDA,2023-08-23,192.79,192.84,192.24,192.24,47454485
NVDA,2023-08-24,192.24,193.84,190.71,190.71,93588707
NVDA,2023-08-25,190.71,193.05,187.99,187.99,50129795
NVDA,2023-08-28,187.99,190.96,187.12,190.96,67357194
NVDA,2023-08-29,190.96,191.34,187.96,187.96,58131951
NVDA,2023-08-30,187.96,188.26,187.44,188.03,81675165
NVDA,2023-08-31,188.03,191.77,187.6,191.77,46984829
NVDA,2023-09-01,191.77,196.57,189.68,196.57,18420346
NVDA,2023-09-04,196.57,198.01,195.25,195.92,76243186
NVDA,2023-09-05,195.92,199.88,193.09,196.22,22948853
NVDA,2023-09-06,196.22,198.52,191.76,194.81,56621381
NVDA,2023-09-07,194.81,195.01,193.92,194.86,75899728
NVDA,2023-09-08,194.86,200.0,193.74,200.0,62958811
NVDA,2023-09-11,200.0,201.46,197.81,198.1,47406500
NVDA,2023-09-12,198.1,199.46,197.31,199.46,70234146
NVDA,2023-09-13,199.46,205.27,197.53,197.53,42286825
NVDA,2023-09-14,197.53,197.54,194.01,194.01,53729704
NVDA,2023-09-15,194.01,196.48,193.57,196.48,74682933
NVDA,2023-09-18,196.48,200.67,191.29,200.67,27308419
NVDA,2023-09-19,200.67,201.13,195.9,195.9,95703761
NVDA,2023-09-20,195.9,200.24,194.81,197.84,58864640
NVDA,2023-09-21,197.84,199.7,197.0,197.0,50218677
NVDA,2023-09-22,197.0,198.37,194.73,194.73,24810945
NVDA,2023-09-25,194.73,196.93,193.48,196.93,56554495
NVDA,2023-09-26,196.93,201.95,195.04,201.95,62722755
NVDA,2023-09-27,201.95,204.08,200.28,203.5,79913923
NVDA,2023-09-28,203.5,205.6,200.32,200.67,90322218
NVDA,2023-09-29,200.67,201.82,197.71,200.07,71625264
NVDA,2023-10-02,200.07,201.42,198.07,198.07,35315610
NVDA,2023-10-03,198.07,199.03,193.88,193.88,40465619
NVDA,2023-10-04,193.88,194.68,193.36,194.68,24369971
NVDA,2023-10-05,194.68,197.16,194.44,196.27,37802595
NVDA,2023-10-06,196.27,198.79,194.99,194.99,82984167
NVDA,2023-10-09,194.99,196.77,192.24,196.77,53548953
NVDA,2023-10-10,196.77,197.74,195.44,195.44,28082020
NVDA,2023-10-11,195.44,196.74,195.29,196.74,14487413
NVDA,2023-10-12,196.74,196.99,194.43,196.73,61821322
NVDA,2023-10-13,196.73,198.96,194.75,198.96,11195308
NVDA,2023-10-16,198.96,203.01,194.76,200.61,54907114
NVDA,2023-10-17,200.61,201.59,197.41,201.34,53676157
NVDA,2023-10-18,201.34,202.16,199.4,201.5,25514772
NVDA,2023-10-19,201.5,203.43,199.91,202.48,66414961
NVDA,2023-10-20,202.48,204.03,201.21,202.68,83603986
NVDA,2023-10-23,202.68,203.52,199.43,202.79,21922359
NVDA,2023-10-24,202.79,206.84,198.68,202.02,18052581
NVDA,2023-10-25,202.02,205.47,201.55,205.47,88728945
NVDA,2023-10-26,205.47,206.28,204.11,204.32,19104905
NVDA,2023-10-27,204.32,206.94,199.83,199.83,67528164
NVDA,2023-10-30,199.83,202.1,197.9,202.1,88631023
NVDA,2023-10-31,202.1,202.6,199.18,199.18,73031309
NVDA,2023-11-01,199.18,199.99,198.53,198.53,55552586
NVDA,2023-11-02,198.53,200.55,193.92,200.55,86338281
NVDA,2023-11-03,200.55,207.12,198.91,203.0,54128124
NVDA,2023-11-06,203.0,203.95,199.57,203.95,54273522
NVDA,2023-11-07,203.95,207.03,201.06,201.06,81455957
NVDA,2023-11-08,201.06,201.41,194.86,194.86,95435305
NVDA,2023-11-09,194.86,196.58,193.79,193.79,51460551
NVDA,2023-11-10,193.79,197.57,189.81,195.3,50257248
NVDA,2023-11-13,195.3,197.56,194.56,197.56,33240413
NVDA,2023-11-14,197.56,200.71,196.1,196.88,73836651
NVDA,2023-11-15,196.88,198.91,196.22,198.91,79827855
NVDA,2023-11-16,198.91,202.71,197.59,201.26,14705119
NVDA,2023-11-17,201.26,201.98,198.94,198.94,88695822
NVDA,2023-11-20,198.94,202.98,197.69,202.98,21397341
NVDA,2023-11-21,202.98,203.03,200.28,202.23,17374459
NVDA,2023-11-22,202.23,202.71,202.06,202.14,34276821
NVDA,2023-11-23,202.14,204.66,199.55,204.66,99021278
NVDA,2023-11-24,204.66,207.43,203.46,207.43,55875346
NVDA,2023-11-27,207.43,209.46,206.46,209.46,35620726
NVDA,2023-11-28,209.46,213.81,207.77,213.81,11622610
NVDA,2023-11-29,213.81,214.23,211.92,214.16,93987362
NVDA,2023-11-30,214.16,218.01,209.49,218.01,19756033
NVDA,2023-12-01,218.01,218.66,216.39,216.39,25130628
NVDA,2023-12-04,216.39,221.91,207.98,207.98,62179429
NVDA,2023-12-05,207.98,209.3,207.86,208.55,15661672
NVDA,2023-12-06,208.55,211.37,208.27,211.37,23930743
NVDA,2023-12-07,211.37,213.59,209.62,211.03,43507638
NVDA,2023-12-08,211.03,214.59,210.63,210.9,15033371
NVDA,2023-12-11,210.9,212.02,210.58,210.89,85279576
NVDA,2023-12-12,210.89,220.73,208.26,220.73,27792127
NVDA,2023-12-13,220.73,222.64,217.01,221.61,28910599
NVDA,2023-12-14,221.61,223.75,219.41,219.45,80447110
NVDA,2023-12-15,219.45,224.09,218.6,224.09,24026638
NVDA,2023-12-18,224.09,226.32,222.36,226.32,92803604
NVDA,2023-12-19,226.32,231.9,225.75,231.9,95307091
NVDA,2023-12-20,231.9,234.73,229.16,229.16,54686388
NVDA,2023-12-21,229.16,229.74,226.94,228.85,41563880
NVDA,2023-12-22,228.85,231.26,227.95,231.26,43601784
NVDA,2023-12-25,231.26,232.14,227.85,227.85,73650549
NVDA,2023-12-26,227.85,230.48,226.27,226.27,20923473
NVDA,2023-12-27,226.27,229.28,222.05,223.58,92020763
NVDA,2023-12-28,223.58,224.06,219.43,219.43,67979171
NVDA,2023-12-29,219.43,221.38,218.3,218.3,90457575
